ID,Position,First Name,Last Name,Name,FPPG,Played,Salary,Game,Team,Opponent,Location,h/a,Injury Indicator,Injury Details,Starter12525,DEF,Atlanta,Falcons,ATL Defense,6.6,12,4300,ATL@CAR,ATL,CAR,CAR,a,,,Y12555,DEF,Baltimore,Ravens,BAL Defense,7.3,12,4100,SEA@BAL,BAL,SEA,BAL,h,,,Y12526,DEF,Buffalo,Bills,BUF Defense,6.4,12,4600,BUF@PHI,BUF,PHI,PHI,a,,,Y12553,DEF,Carolina,Panthers,CAR Defense,10.9,12,5000,ATL@CAR,CAR,ATL,CAR,h,,,Y12527,DEF,Chicago,Bears,CHI Defense,5.7,12,4500,WAS@CHI,CHI,WAS,CHI,h,,,Y12528,DEF,Cincinnati,Bengals,CIN Defense,9.1,12,4900,PIT@CIN,CIN,PIT,CIN,h,,,Y12529,DEF,Cleveland,Browns,CLE Defense,5.3,12,4300,SF@CLE,CLE,SF,CLE,h,,,Y12530,DEF,Dallas,Cowboys,DAL Defense,5.7,12,4000,DAL@GB,DAL,GNB,GNB,a,,,Y12531,DEF,Denver,Broncos,DEN Defense,12.8,12,5400,OAK@DEN,DEN,OAK,DEN,h,,,Y12532,DEF,Detroit,Lions,DET Defense,6.2,12,4700,DET@STL,DET,STL,STL,a,,,Y12533,DEF,Green Bay,Packers,GNB Defense,7.1,12,4800,DAL@GB,GNB,DAL,GNB,h,,,Y12556,DEF,Houston,Texans,HOU Defense,6.9,12,4500,NE@HOU,HOU,NWE,HOU,h,,,Y12535,DEF,Indianapolis,Colts,IND Defense,6.6,12,4300,IND@JAC,IND,JAX,JAX,a,,,Y12554,DEF,Jacksonville,Jaguars,JAX Defense,5.8,12,4300,IND@JAC,JAX,IND,JAX,h,,,Y12536,DEF,Kansas City,Chiefs,KAN Defense,9.9,12,4800,SD@KC,KAN,SD,KAN,h,,,Y12539,DEF,Miami,Dolphins,MIA Defense,6.8,12,4600,NYG@MIA,MIA,NYG,MIA,h,,,Y12541,DEF,New England,Patriots,NWE Defense,7.6,12,4900,NE@HOU,NWE,HOU,HOU,a,,,Y12542,DEF,New Orleans,Saints,NOR Defense,5.4,12,4000,NO@TB,NOR,TAM,TAM,a,,,Y12543,DEF,New York,Giants,NYG Defense,9.1,12,4600,NYG@MIA,NYG,MIA,MIA,a,,,Y12544,DEF,New York,Jets,NYJ Defense,7.2,12,4800,TEN@NYJ,NYJ,TEN,NYJ,h,,,Y12537,DEF,Oakland,Raiders,OAK Defense,6,12,4300,OAK@DEN,OAK,DEN,DEN,a,,,Y12545,DEF,Philadelphia,Eagles,PHI Defense,9.6,12,4600,BUF@PHI,PHI,BUF,PHI,h,,,Y12547,DEF,Pittsburgh,Steelers,PIT Defense,8.8,12,4400,PIT@CIN,PIT,CIN,CIN,a,,,Y12548,DEF,San Diego,Chargers,SDG Defense,4.2,12,4100,SD@KC,SDG,KAN,KAN,a,,,Y12550,DEF,Seattle,Seahawks,SEA Defense,10.7,12,5300,SEA@BAL,SEA,BAL,BAL,a,,,Y12549,DEF,San Francisco,49ers,SFO Defense,4.5,12,4300,SF@CLE,SFO,CLE,CLE,a,,,Y12538,DEF,St Louis,Rams,STL Defense,8.4,12,4600,DET@STL,STL,DET,STL,h,,,Y12551,DEF,Tampa Bay,Buccaneers,TAM Defense,8,12,4300,NO@TB,TAM,NOR,TAM,h,,,Y12534,DEF,Tennessee,Titans,TEN Defense,6.8,12,4200,TEN@NYJ,TEN,NYJ,NYJ,a,,,Y12552,DEF,Washington,Redskins,WAS Defense,8,12,4500,WAS@CHI,WAS,CHI,CHI,a,,,Y10647,K,Matt,Bryant,Matt Bryant,7.4,10,5000,ATL@CAR,ATL,CAR,CAR,a,Q,Quadriceps,Y6815,K,Shayne,Graham,Shayne Graham,10,2,4700,ATL@CAR,ATL,CAR,CAR,a,,,Y23045,K,Justin,Tucker,Justin Tucker,9.6,12,4700,SEA@BAL,BAL,SEA,BAL,h,,,Y6810,K,Dan,Carpenter,Dan Carpenter,7.3,12,4600,BUF@PHI,BUF,PHI,PHI,a,,,Y10744,K,Graham,Gano,Graham Gano,10.8,12,4900,ATL@CAR,CAR,ATL,CAR,h,,,Y6910,K,Robbie,Gould,Robbie Gould,9.4,12,4800,WAS@CHI,CHI,WAS,CHI,h,,,Y6636,K,Mike,Nugent,Mike Nugent,8.4,12,4800,PIT@CIN,CIN,PIT,CIN,h,,,Y29994,K,Travis,Coons,Travis Coons,6.7,12,4500,SF@CLE,CLE,SF,CLE,h,,,Y14952,K,Dan,Bailey,Dan Bailey,9,12,4500,DAL@GB,DAL,GNB,GNB,a,,,Y26247,K,Brandon,McManus,Brandon McManus,8.8,12,5000,OAK@DEN,DEN,OAK,DEN,h,,,Y6782,K,Matt,Prater,Matt Prater,7.4,12,4500,DET@STL,DET,STL,STL,a,,,Y6897,K,Mason,Crosby,Mason Crosby,8.3,12,4700,DAL@GB,GNB,DAL,GNB,h,,,Y12090,K,Nick,Novak,Nick Novak,5.2,9,4500,NE@HOU,HOU,NWE,HOU,h,,,Y6668,K,Adam,Vinatieri,Adam Vinatieri,7.5,12,4600,IND@JAC,IND,JAX,JAX,a,,,Y60745,K,Jason,Myers,Jason Myers,8.2,12,4600,IND@JAC,JAX,IND,JAX,h,,,Y33714,K,Cairo,Santos,Cairo Santos,10,12,4700,SD@KC,KAN,SD,KAN,h,,,Y62619,K,Andrew,Franks,Andrew Franks,4.7,12,4500,NYG@MIA,MIA,NYG,MIA,h,,,Y7900,K,Stephen,Gostkowski,Stephen Gostkowski,10.8,12,5000,NE@HOU,NWE,HOU,HOU,a,,,Y15176,K,Kai,Forbath,Kai Forbath,5.4,7,4600,NO@TB,NOR,TAM,TAM,a,,,Y6522,K,Josh,Brown,Josh Brown,9.8,12,4800,NYG@MIA,NYG,MIA,MIA,a,,,Y22100,K,Randy,Bullock,Randy Bullock,7.3,7,4700,TEN@NYJ,NYJ,TEN,NYJ,h,,,Y7831,K,Sebastian,Janikowski,Sebastian Janikowski,7.6,12,4500,OAK@DEN,OAK,DEN,DEN,a,,,Y30261,K,Caleb,Sturgis,Caleb Sturgis,7.6,9,4600,BUF@PHI,PHI,BUF,PHI,h,,,Y32058,K,Chris,Boswell,Chris Boswell,10.5,8,4700,PIT@CIN,PIT,CIN,CIN,a,,,Y32429,K,Josh,Lambo,Josh Lambo,7.9,12,4600,SD@KC,SDG,KAN,KAN,a,,,Y6724,K,Steven,Hauschka,Steven Hauschka,8.9,12,5100,SEA@BAL,SEA,BAL,BAL,a,,,Y6702,K,Phil,Dawson,Phil Dawson,6.5,12,4700,SF@CLE,SFO,CLE,CLE,a,,,Y31109,K,Zach,Hocker,Zach Hocker,5.6,8,4500,DET@STL,STL,DET,STL,h,Q,Quadriceps,Y22109,K,Greg,Zuerlein,Greg Zuerlein,7,10,4500,DET@STL,STL,DET,STL,h,Q,Groin,Y6427,K,Connor,Barth,Connor Barth,9.8,8,4600,NO@TB,TAM,NOR,TAM,h,,,Y6767,K,Ryan,Succop,Ryan Succop,5.7,12,4500,TEN@NYJ,TEN,NYJ,NYJ,a,,,Y24912,K,Dustin,Hopkins,Dustin Hopkins,8.8,11,4500,WAS@CHI,WAS,CHI,CHI,a,,,Y6616,QB,Matt,Ryan,Matt Ryan,16.2,12,7100,ATL@CAR,ATL,CAR,CAR,a,,,Y24760,QB,Sean,Renfree,Sean Renfree,-0.4,1,5000,ATL@CAR,ATL,CAR,CAR,a,,,N6679,QB,Matt,Schaub,Matt Schaub,15.3,2,6000,SEA@BAL,BAL,SEA,BAL,h,Q,Shoulder,Y11466,QB,Jimmy,Clausen,Jimmy Clausen,3.6,2,5000,SEA@BAL,BAL,SEA,BAL,h,,,N14377,QB,Tyrod,Taylor,Tyrod Taylor,20,10,7500,BUF@PHI,BUF,PHI,PHI,a,,,Y24949,QB,E.J.,Manuel,E.J. Manuel,10.3,4,5000,BUF@PHI,BUF,PHI,PHI,a,,,N8023,QB,Josh,Johnson,Josh Johnson,0,0,4800,BUF@PHI,BUF,PHI,PHI,a,,,N14185,QB,Cam,Newton,Cam Newton,24,12,9200,ATL@CAR,CAR,ATL,CAR,h,,,Y6373,QB,Derek,Anderson,Derek Anderson,0.2,1,5000,ATL@CAR,CAR,ATL,CAR,h,,,N11615,QB,Joe,Webb,Joe Webb,0,12,5000,ATL@CAR,CAR,ATL,CAR,h,,,N6898,QB,Jay,Cutler,Jay Cutler,15.8,11,6700,WAS@CHI,CHI,WAS,CHI,h,,,Y43956,QB,David,Fales,David Fales,0,0,5000,WAS@CHI,CHI,WAS,CHI,h,,,N14225,QB,Andy,Dalton,Andy Dalton,20.8,12,8200,PIT@CIN,CIN,PIT,CIN,h,,,Y31047,QB,AJ,McCarron,AJ McCarron,0.2,3,5000,PIT@CIN,CIN,PIT,CIN,h,,,N32415,QB,Johnny,Manziel,Johnny Manziel,9.7,6,6400,SF@CLE,CLE,SF,CLE,h,,,N22848,QB,Austin,Davis,Austin Davis,7.2,2,6000,SF@CLE,CLE,SF,CLE,h,,,Y7778,QB,Matt,Cassel,Matt Cassel,9.6,7,6200,DAL@GB,DAL,GNB,GNB,a,,,Y21994,QB,Brock,Osweiler,Brock Osweiler,13.2,4,6900,OAK@DEN,DEN,OAK,DEN,h,,,Y6654,QB,Matthew,Stafford,Matthew Stafford,18.2,12,7500,DET@STL,DET,STL,STL,a,,,Y8071,QB,Dan,Orlovsky,Dan Orlovsky,5.5,2,5000,DET@STL,DET,STL,STL,a,,,N6894,QB,Aaron,Rodgers,Aaron Rodgers,20.8,12,8900,DAL@GB,GNB,DAL,GNB,h,,,Y14696,QB,Scott,Tolzien,Scott Tolzien,0,1,5000,DAL@GB,GNB,DAL,GNB,h,,,N7872,QB,Brian,Hoyer,Brian Hoyer,17.4,9,7000,NE@HOU,HOU,NWE,HOU,h,,,Y14344,QB,T.J.,Yates,T.J. Yates,10.6,2,6000,NE@HOU,HOU,NWE,HOU,h,,,N21959,QB,Brandon,Weeden,Brandon Weeden,9.6,4,5000,NE@HOU,HOU,NWE,HOU,h,,,N21939,QB,Andrew,Luck,Andrew Luck,20.1,7,8400,IND@JAC,IND,JAX,JAX,a,O,Abdomen,N6831,QB,Matt,Hasselbeck,Matt Hasselbeck,14.8,5,6600,IND@JAC,IND,JAX,JAX,a,Q,Neck,Y7970,QB,Charlie,Whitehurst,Charlie Whitehurst,2,1,5000,IND@JAC,IND,JAX,JAX,a,,,Y34308,QB,Blake,Bortles,Blake Bortles,20.5,12,7700,IND@JAC,JAX,IND,JAX,h,,,Y7844,QB,Chad,Henne,Chad Henne,0,0,5000,IND@JAC,JAX,IND,JAX,h,,,N8005,QB,Alex,Smith,Alex Smith,17.6,12,6800,SD@KC,KAN,SD,KAN,h,,,Y8803,QB,Chase,Daniel,Chase Daniel,0.2,1,5000,SD@KC,KAN,SD,KAN,h,,,N21948,QB,Ryan,Tannehill,Ryan Tannehill,16.5,12,6900,NYG@MIA,MIA,NYG,MIA,h,,,Y6808,QB,Matt,Moore,Matt Moore,0.4,1,5400,NYG@MIA,MIA,NYG,MIA,h,,,N26355,QB,Logan,Thomas,Logan Thomas,0,0,4800,NYG@MIA,MIA,NYG,MIA,h,,,N6498,QB,Tom,Brady,Tom Brady,24.8,12,9300,NE@HOU,NWE,HOU,HOU,a,,,Y54604,QB,Jimmy,Garoppolo,Jimmy Garoppolo,-0.1,4,5000,NE@HOU,NWE,HOU,HOU,a,,,N22128,QB,Ryan,Lindley,Ryan Lindley,0,0,5000,NE@HOU,NWE,HOU,HOU,a,,,N6504,QB,Drew,Brees,Drew Brees,20.3,11,7900,NO@TB,NOR,TAM,TAM,a,,,Y7053,QB,Matt,Flynn,Matt Flynn,0,0,5000,NO@TB,NOR,TAM,TAM,a,,,N8051,QB,Luke,McCown,Luke McCown,1.6,8,5000,NO@TB,NOR,TAM,TAM,a,IR,Back,N6826,QB,Eli,Manning,Eli Manning,18.4,12,7500,NYG@MIA,NYG,MIA,MIA,a,,,Y26141,QB,Ryan,Nassib,Ryan Nassib,0,0,5000,NYG@MIA,NYG,MIA,MIA,a,,,N7659,QB,Ryan,Fitzpatrick,Ryan Fitzpatrick,18.5,12,7800,TEN@NYJ,NYJ,TEN,NYJ,h,,,Y26483,QB,Geno,Smith,Geno Smith,21,1,6000,TEN@NYJ,NYJ,TEN,NYJ,h,,,N31798,QB,Bryce,Petty,Bryce Petty,0,0,5000,TEN@NYJ,NYJ,TEN,NYJ,h,,,N45859,QB,Derek,Carr,Derek Carr,18.5,12,7200,OAK@DEN,OAK,DEN,DEN,a,,,Y28677,QB,Matt,McGloin,Matt McGloin,5.3,2,5500,OAK@DEN,OAK,DEN,DEN,a,,,N11414,QB,Sam,Bradford,Sam Bradford,14,10,6300,BUF@PHI,PHI,BUF,PHI,h,,,Y6687,QB,Mark,Sanchez,Mark Sanchez,12.3,3,5800,BUF@PHI,PHI,BUF,PHI,h,,,N11761,QB,Thaddeus,Lewis,Thaddeus Lewis,0,0,5000,BUF@PHI,PHI,BUF,PHI,h,,,N6589,QB,Ben,Roethlisberger,Ben Roethlisberger,20.3,8,8300,PIT@CIN,PIT,CIN,CIN,a,,,Y27405,QB,Landry,Jones,Landry Jones,4.4,6,6000,PIT@CIN,PIT,CIN,CIN,a,,,N8118,QB,Michael,Vick,Michael Vick,6.3,5,5000,PIT@CIN,PIT,CIN,CIN,a,,,N7968,QB,Philip,Rivers,Philip Rivers,19.1,12,7600,SD@KC,SDG,KAN,KAN,a,,,Y7919,QB,Kellen,Clemens,Kellen Clemens,6.5,1,5200,SD@KC,SDG,KAN,KAN,a,,,N22015,QB,Russell,Wilson,Russell Wilson,20.3,12,8500,SEA@BAL,SEA,BAL,BAL,a,,,Y6814,QB,Tarvaris,Jackson,Tarvaris Jackson,-0.2,1,5000,SEA@BAL,SEA,BAL,BAL,a,,,N14194,QB,Blaine,Gabbert,Blaine Gabbert,18.9,4,6400,SF@CLE,SFO,CLE,CLE,a,,,Y22994,QB,Case,Keenum,Case Keenum,2.7,2,5900,DET@STL,STL,DET,STL,h,,,N22027,QB,Nick,Foles,Nick Foles,9.5,11,5900,DET@STL,STL,DET,STL,h,,,Y29445,QB,Sean,Mannion,Sean Mannion,1.2,1,5000,DET@STL,STL,DET,STL,h,,,N24849,QB,Jameis,Winston,Jameis Winston,18,12,7800,NO@TB,TAM,NOR,TAM,h,,,Y25410,QB,Mike,Glennon,Mike Glennon,0,0,5000,NO@TB,TAM,NOR,TAM,h,,,N29358,QB,Marcus,Mariota,Marcus Mariota,19.4,10,7500,TEN@NYJ,TEN,NYJ,NYJ,a,,,Y31421,QB,Zach,Mettenberger,Zach Mettenberger,3.9,4,6000,TEN@NYJ,TEN,NYJ,NYJ,a,,,N22038,QB,Kirk,Cousins,Kirk Cousins,16.1,12,7000,WAS@CHI,WAS,CHI,CHI,a,,,Y21941,QB,Robert,Griffin III,Robert Griffin III,0,0,5500,WAS@CHI,WAS,CHI,CHI,a,,,N11500,QB,Colt,McCoy,Colt McCoy,0,1,5000,WAS@CHI,WAS,CHI,CHI,a,,,N24920,RB,Devonta,Freeman,Devonta Freeman,20.3,11,8700,ATL@CAR,ATL,CAR,CAR,a,,,Y27776,RB,Tevin,Coleman,Tevin Coleman,3.8,10,5100,ATL@CAR,ATL,CAR,CAR,a,,,Y29540,RB,Terron,Ward,Terron Ward,2.4,11,4500,ATL@CAR,ATL,CAR,CAR,a,,,Y14683,RB,Patrick,DiMarco,Patrick DiMarco,2.2,12,4500,ATL@CAR,ATL,CAR,CAR,a,,,Y29645,RB,Javorius,Allen,Javorius Allen,7.3,12,7000,SEA@BAL,BAL,SEA,BAL,h,,,Y54607,RB,Terrance,West,Terrance West,2.2,4,4600,SEA@BAL,BAL,SEA,BAL,h,,,Y39428,RB,Kyle,Juszczyk,Kyle Juszczyk,4.1,12,4500,SEA@BAL,BAL,SEA,BAL,h,,,Y28744,RB,Raheem,Mostert,Raheem Mostert,0,7,4500,SEA@BAL,BAL,SEA,BAL,h,,,Y6779,RB,LeSean,McCoy,LeSean McCoy,14.6,10,7900,BUF@PHI,BUF,PHI,PHI,a,,,Y24907,RB,Karlos,Williams,Karlos Williams,11.2,8,4900,BUF@PHI,BUF,PHI,PHI,a,Q,Shoulder,Y6653,RB,Jerome,Felton,Jerome Felton,0.2,12,4500,BUF@PHI,BUF,PHI,PHI,a,,,Y11557,RB,John,Conner,John Conner,0,0,4500,BUF@PHI,BUF,PHI,PHI,a,,,Y11594,RB,Anthony,Dixon,Anthony Dixon,1.3,12,4500,BUF@PHI,BUF,PHI,PHI,a,,,Y6733,RB,Jonathan,Stewart,Jonathan Stewart,11.6,12,7200,ATL@CAR,CAR,ATL,CAR,h,,,Y7975,RB,Mike,Tolbert,Mike Tolbert,4.9,12,4600,ATL@CAR,CAR,ATL,CAR,h,,,Y38269,RB,Cameron,Artis-Payne,Cameron Artis-Payne,0.8,4,4500,ATL@CAR,CAR,ATL,CAR,h,,,Y37245,RB,Foswhitt,Whittaker,Foswhitt Whittaker,1,12,4500,ATL@CAR,CAR,ATL,CAR,h,,,Y6899,RB,Matt,Forte,Matt Forte,14.9,9,7800,WAS@CHI,CHI,WAS,CHI,h,,,Y28202,RB,Jeremy,Langford,Jeremy Langford,9.4,12,5400,WAS@CHI,CHI,WAS,CHI,h,,,Y29003,RB,Ka'Deem,Carey,Ka'Deem Carey,2.5,7,4600,WAS@CHI,CHI,WAS,CHI,h,,,Y10046,RB,Antone,Smith,Antone Smith,0.2,5,4500,WAS@CHI,CHI,WAS,CHI,h,,,Y31397,RB,Jeremy,Hill,Jeremy Hill,10.1,12,6400,PIT@CIN,CIN,PIT,CIN,h,,,Y25290,RB,Giovani,Bernard,Giovani Bernard,10.8,12,5700,PIT@CIN,CIN,PIT,CIN,h,,,Y27338,RB,Rex,Burkhead,Rex Burkhead,0.9,12,4500,PIT@CIN,CIN,PIT,CIN,h,,,Y29805,RB,Ryan,Hewitt,Ryan Hewitt,0.9,12,4500,PIT@CIN,CIN,PIT,CIN,h,,,Y25837,RB,Duke,Johnson,Duke Johnson,8.5,12,5600,SF@CLE,CLE,SF,CLE,h,,,Y54684,RB,Isaiah,Crowell,Isaiah Crowell,6.3,12,5200,SF@CLE,CLE,SF,CLE,h,,,Y7806,RB,Darren,McFadden,Darren McFadden,10.6,12,6700,DAL@GB,DAL,GNB,GNB,a,,,Y22048,RB,Robert,Turbin,Robert Turbin,2.9,6,4600,DAL@GB,DAL,GNB,GNB,a,,,Y28545,RB,Rod,Smith,Rod Smith,0.2,7,4500,DAL@GB,DAL,GNB,GNB,a,,,Y22003,RB,Ronnie,Hillman,Ronnie Hillman,9,12,6400,OAK@DEN,DEN,OAK,DEN,h,,,Y29249,RB,C.J.,Anderson,C.J. Anderson,8.4,12,5900,OAK@DEN,DEN,OAK,DEN,h,Q,Ankle,Y24797,RB,Juwan,Thompson,Juwan Thompson,0.7,11,4600,OAK@DEN,DEN,OAK,DEN,h,,,Y22235,RB,Jeremy,Stewart,Jeremy Stewart,0,0,4500,OAK@DEN,DEN,OAK,DEN,h,,,Y33465,RB,Theo,Riddick,Theo Riddick,9,12,5500,DET@STL,DET,STL,STL,a,,,Y27229,RB,Ameer,Abdullah,Ameer Abdullah,6.1,12,5400,DET@STL,DET,STL,STL,a,,,Y11712,RB,Joique,Bell,Joique Bell,5.9,9,5000,DET@STL,DET,STL,STL,a,,,Y30968,RB,Eddie,Lacy,Eddie Lacy,7.9,11,6200,DAL@GB,GNB,DAL,GNB,h,,,Y11609,RB,James,Starks,James Starks,9.3,12,5600,DAL@GB,GNB,DAL,GNB,h,,,Y7244,RB,John,Kuhn,John Kuhn,0.9,12,4500,DAL@GB,GNB,DAL,GNB,h,,,Y44090,RB,Alonzo,Harris,Alonzo Harris,0.3,6,4500,DAL@GB,GNB,DAL,GNB,h,,,Y31406,RB,Alfred,Blue,Alfred Blue,6.6,12,5300,NE@HOU,HOU,NWE,HOU,h,,,Y22234,RB,Chris,Polk,Chris Polk,4.9,11,5200,NE@HOU,HOU,NWE,HOU,h,,,Y22991,RB,Jonathan,Grimes,Jonathan Grimes,4.3,10,4600,NE@HOU,HOU,NWE,HOU,h,,,Y6840,RB,Frank,Gore,Frank Gore,11.1,12,6100,IND@JAC,IND,JAX,JAX,a,,,Y6497,RB,Ahmad,Bradshaw,Ahmad Bradshaw,6.3,6,5100,IND@JAC,IND,JAX,JAX,a,IR,Wrist,Y22130,RB,Dan,Herron,Dan Herron,1.9,6,4500,IND@JAC,IND,JAX,JAX,a,,,Y31061,RB,T.J.,Yeldon,T.J. Yeldon,11.9,11,6400,IND@JAC,JAX,IND,JAX,h,,,Y28088,RB,Denard,Robinson,Denard Robinson,2.4,9,4800,IND@JAC,JAX,IND,JAX,h,,,Y34275,RB,Storm,Johnson,Storm Johnson,0,0,4500,IND@JAC,JAX,IND,JAX,h,,,Y11479,RB,Toby,Gerhart,Toby Gerhart,1.2,7,4500,IND@JAC,JAX,IND,JAX,h,IR,Groin,Y22029,RB,Bernard,Pierce,Bernard Pierce,0.5,7,4500,IND@JAC,JAX,IND,JAX,h,IR,Calf,Y54687,RB,Charcandrick,West,Charcandrick West,8.3,11,5800,SD@KC,KAN,SD,KAN,h,,,Y31459,RB,Spencer,Ware,Spencer Ware,8.5,7,5800,SD@KC,KAN,SD,KAN,h,,,Y31073,RB,Knile,Davis,Knile Davis,1.5,10,4500,SD@KC,KAN,SD,KAN,h,,,Y22037,RB,Lamar,Miller,Lamar Miller,13.5,12,6600,NYG@MIA,MIA,NYG,MIA,h,,,Y46882,RB,Jay,Ajayi,Jay Ajayi,4.9,5,4600,NYG@MIA,MIA,NYG,MIA,h,,,Y27441,RB,Damien,Williams,Damien Williams,1.6,12,4600,NYG@MIA,MIA,NYG,MIA,h,,,Y22774,RB,Jonas,Gray,Jonas Gray,3.7,6,4500,NYG@MIA,MIA,NYG,MIA,h,,,Y11779,RB,LeGarrette,Blount,LeGarrette Blount,10.4,11,6300,NE@HOU,NWE,HOU,HOU,a,,,Y28930,RB,James,White,James White,5.4,10,6300,NE@HOU,NWE,HOU,HOU,a,,,Y22898,RB,Brandon,Bolden,Brandon Bolden,3.2,11,5100,NE@HOU,NWE,HOU,HOU,a,,,Y32410,RB,Trey,Williams,Trey Williams,0,0,4500,NE@HOU,NWE,HOU,HOU,a,,,Y14211,RB,Mark,Ingram,Mark Ingram,14.9,12,7300,NO@TB,NOR,TAM,TAM,a,,,Y11419,RB,C.J.,Spiller,C.J. Spiller,5.4,11,4800,NO@TB,NOR,TAM,TAM,a,,,Y27199,RB,Marcus,Murphy,Marcus Murphy,0.3,12,4500,NO@TB,NOR,TAM,TAM,a,,,Y11671,RB,Erik,Lorig,Erik Lorig,0,0,4500,NO@TB,NOR,TAM,TAM,a,,,Y6828,RB,Tim,Hightower,Tim Hightower,1.2,4,4500,NO@TB,NOR,TAM,TAM,a,,,Y14245,RB,Shane,Vereen,Shane Vereen,8,12,5100,NYG@MIA,NYG,MIA,MIA,a,,,Y8052,RB,Rashad,Jennings,Rashad Jennings,7.1,12,4800,NYG@MIA,NYG,MIA,MIA,a,,,Y15032,RB,Henry,Hynoski,Henry Hynoski,0,0,4500,NYG@MIA,NYG,MIA,MIA,a,,,Y33691,RB,Orleans,Darkwa,Orleans Darkwa,1.7,12,4500,NYG@MIA,NYG,MIA,MIA,a,,,Y25694,RB,Andre,Williams,Andre Williams,2.5,12,4500,NYG@MIA,NYG,MIA,MIA,a,,,Y11864,RB,Christopher,Ivory,Christopher Ivory,14.3,11,7100,TEN@NYJ,NYJ,TEN,NYJ,h,,,Y14320,RB,Bilal,Powell,Bilal Powell,8.3,8,4800,TEN@NYJ,NYJ,TEN,NYJ,h,,,Y14268,RB,Stevan,Ridley,Stevan Ridley,0.1,4,4500,TEN@NYJ,NYJ,TEN,NYJ,h,,,Y25654,RB,Tommy,Bohanon,Tommy Bohanon,0.6,12,4500,TEN@NYJ,NYJ,TEN,NYJ,h,,,Y34331,RB,Latavius,Murray,Latavius Murray,12.1,12,6200,OAK@DEN,OAK,DEN,DEN,a,,,Y10354,RB,Marcel,Reece,Marcel Reece,4.7,12,4700,OAK@DEN,OAK,DEN,DEN,a,,,Y14305,RB,Roy,Helu,Roy Helu,2.3,8,4500,OAK@DEN,OAK,DEN,DEN,a,,,Y14319,RB,Taiwan,Jones,Taiwan Jones,3,8,4500,OAK@DEN,OAK,DEN,DEN,a,Q,Knee,Y23046,RB,Jamize,Olawale,Jamize Olawale,2.8,10,4500,OAK@DEN,OAK,DEN,DEN,a,,,Y14254,RB,DeMarco,Murray,DeMarco Murray,12.2,11,6700,BUF@PHI,PHI,BUF,PHI,h,,,Y7972,RB,Darren,Sproles,Darren Sproles,8.1,12,5100,BUF@PHI,PHI,BUF,PHI,h,,,Y11425,RB,Ryan,Mathews,Ryan Mathews,10.4,9,4700,BUF@PHI,PHI,BUF,PHI,h,Q,Concussion,Y29357,RB,Kenjon,Barner,Kenjon Barner,1.8,6,4600,BUF@PHI,PHI,BUF,PHI,h,,,Y6732,RB,DeAngelo,Williams,DeAngelo Williams,12,12,7300,PIT@CIN,PIT,CIN,CIN,a,,,Y21984,RB,Isaiah,Pead,Isaiah Pead,-0.8,2,4500,PIT@CIN,PIT,CIN,CIN,a,,,Y44952,RB,Dri,Archer,Dri Archer,0,8,4500,PIT@CIN,PIT,CIN,CIN,a,,,Y14369,RB,Jordan,Todman,Jordan Todman,0.2,11,4500,PIT@CIN,PIT,CIN,CIN,a,,,Y9421,RB,Danny,Woodhead,Danny Woodhead,11.9,12,5400,SD@KC,SDG,KAN,KAN,a,,,Y28900,RB,Melvin,Gordon,Melvin Gordon,6.5,12,5300,SD@KC,SDG,KAN,KAN,a,,,Y6660,RB,Donald,Brown,Donald Brown,1.3,6,4500,SD@KC,SDG,KAN,KAN,a,,,Y28095,RB,Thomas,Rawls,Thomas Rawls,9.9,12,7400,SEA@BAL,SEA,BAL,BAL,a,,,Y7660,RB,Fred,Jackson,Fred Jackson,3.9,12,4500,SEA@BAL,SEA,BAL,BAL,a,,,Y22800,RB,Derrick,Coleman,Derrick Coleman,0.1,10,4500,SEA@BAL,SEA,BAL,BAL,a,,,Y28473,RB,Carlos,Hyde,Carlos Hyde,10.8,7,6500,SF@CLE,SFO,CLE,CLE,a,Q,Foot,Y15006,RB,Shaun,Draughn,Shaun Draughn,6,9,6500,SF@CLE,SFO,CLE,CLE,a,,,Y39512,RB,Kendall,Gaskins,Kendall Gaskins,1.1,5,4700,SF@CLE,SFO,CLE,CLE,a,,,Y22258,RB,Travaris,Cadet,Travaris Cadet,0.8,3,4500,SF@CLE,SFO,CLE,CLE,a,,,Y14406,RB,Bruce,Miller,Bruce Miller,1.4,12,4500,SF@CLE,SFO,CLE,CLE,a,,,Y30447,RB,Todd,Gurley,Todd Gurley,14,10,7900,DET@STL,STL,DET,STL,h,,,Y31261,RB,Tre,Mason,Tre Mason,3.1,9,4600,DET@STL,STL,DET,STL,h,,,Y39649,RB,Benny,Cunningham,Benny Cunningham,3.1,12,4500,DET@STL,STL,DET,STL,h,,,Y21970,RB,Doug,Martin,Doug Martin,14,12,8000,NO@TB,TAM,NOR,TAM,h,,,Y31871,RB,Charles,Sims,Charles Sims,8.6,12,4900,NO@TB,TAM,NOR,TAM,h,,,Y22958,RB,Bobby,Rainey,Bobby Rainey,0.4,12,4500,NO@TB,TAM,NOR,TAM,h,,,Y47828,RB,Antonio,Andrews,Antonio Andrews,8.5,10,5300,TEN@NYJ,TEN,NYJ,NYJ,a,,,Y28249,RB,David,Cobb,David Cobb,1.5,3,4500,TEN@NYJ,TEN,NYJ,NYJ,a,,,Y11454,RB,Dexter,McCluster,Dexter McCluster,6.7,10,4500,TEN@NYJ,TEN,NYJ,NYJ,a,Q,Knee,Y29991,RB,Bishop,Sankey,Bishop Sankey,3.8,10,4500,TEN@NYJ,TEN,NYJ,NYJ,a,,,Y22113,RB,Alfred,Morris,Alfred Morris,5,12,5500,WAS@CHI,WAS,CHI,CHI,a,,,Y30244,RB,Matt,Jones,Matt Jones,8.3,11,5100,WAS@CHI,WAS,CHI,CHI,a,,,Y32418,RB,Christine,Michael,Christine Michael,1.2,5,4800,WAS@CHI,WAS,CHI,CHI,a,,,Y24891,RB,Chris,Thompson,Chris Thompson,6,11,4800,WAS@CHI,WAS,CHI,CHI,a,Q,Shoulder,Y10695,RB,Darrel,Young,Darrel Young,0.3,12,4500,WAS@CHI,WAS,CHI,CHI,a,,,Y6664,TE,Jacob,Tamme,Jacob Tamme,7.6,11,5200,ATL@CAR,ATL,CAR,CAR,a,,,Y29725,TE,Levine,Toilolo,Levine Toilolo,0.7,12,4500,ATL@CAR,ATL,CAR,CAR,a,,,Y45723,TE,Crockett,Gillmore,Crockett Gillmore,8.2,10,5200,SEA@BAL,BAL,SEA,BAL,h,Q,Back,Y28346,TE,Maxx,Williams,Maxx Williams,3.2,10,4500,SEA@BAL,BAL,SEA,BAL,h,Q,Concussion,Y62510,TE,Nick,Boyle,Nick Boyle,2.4,11,4500,SEA@BAL,BAL,SEA,BAL,h,O,Suspension,Y14362,TE,Charles,Clay,Charles Clay,7.9,12,5100,BUF@PHI,BUF,PHI,PHI,a,,,Y31188,TE,Chris,Gragg,Chris Gragg,1.6,9,4500,BUF@PHI,BUF,PHI,PHI,a,,,Y7918,TE,Matthew,Mulligan,Matthew Mulligan,0.1,12,4500,BUF@PHI,BUF,PHI,PHI,a,,,Y6914,TE,Greg,Olsen,Greg Olsen,13.1,12,6600,ATL@CAR,CAR,ATL,CAR,h,,,Y11488,TE,Ed,Dickson,Ed Dickson,2.6,12,4800,ATL@CAR,CAR,ATL,CAR,h,,,Y6448,TE,Martellus,Bennett,Martellus Bennett,8,11,5000,WAS@CHI,CHI,WAS,CHI,h,IR,Ribs,Y8050,TE,Zach,Miller,Zach Miller,4.6,12,4900,WAS@CHI,CHI,WAS,CHI,h,,,Y14274,TE,Rob,Housler,Rob Housler,0.2,6,4500,WAS@CHI,CHI,WAS,CHI,h,O,Hamstring,Y62617,TE,Khari,Lee,Khari Lee,0.1,12,4500,WAS@CHI,CHI,WAS,CHI,h,,,Y33557,TE,Tyler,Eifert,Tyler Eifert,13.4,11,6300,PIT@CIN,CIN,PIT,CIN,h,Q,Neck,Y26038,TE,Tyler,Kroft,Tyler Kroft,0.3,12,4500,PIT@CIN,CIN,PIT,CIN,h,,,Y6422,TE,Gary,Barnidge,Gary Barnidge,12.8,12,6200,SF@CLE,CLE,SF,CLE,h,Q,Ankle,Y39678,TE,E.J.,Bibbs,E.J. Bibbs,0.4,3,4500,SF@CLE,CLE,SF,CLE,h,,,Y11648,TE,Jim,Dray,Jim Dray,0.6,12,4500,SF@CLE,CLE,SF,CLE,h,,,Y6641,TE,Jason,Witten,Jason Witten,7.9,12,5500,DAL@GB,DAL,GNB,GNB,a,,,Y39411,TE,Gavin,Escobar,Gavin Escobar,1.2,12,4500,DAL@GB,DAL,GNB,GNB,a,,,Y22123,TE,James,Hanna,James Hanna,0.4,10,4500,DAL@GB,DAL,GNB,GNB,a,,,Y6870,TE,Vernon,Davis,Vernon Davis,4.2,11,5200,OAK@DEN,DEN,OAK,DEN,h,Q,Concussion,Y6682,TE,Owen,Daniels,Owen Daniels,6.1,12,5200,OAK@DEN,DEN,OAK,DEN,h,,,Y6951,TE,James,Casey,James Casey,0,3,4500,OAK@DEN,DEN,OAK,DEN,h,,,Y14394,TE,Virgil,Green,Virgil Green,2.2,12,4500,OAK@DEN,DEN,OAK,DEN,h,,,Y25272,TE,Eric,Ebron,Eric Ebron,7.5,10,4900,DET@STL,DET,STL,STL,a,,,Y7394,TE,Brandon,Pettigrew,Brandon Pettigrew,2.1,7,4500,DET@STL,DET,STL,STL,a,,,Y26074,TE,Tim,Wright,Tim Wright,2.8,6,4500,DET@STL,DET,STL,STL,a,,,Y29314,TE,Richard,Rodgers,Richard Rodgers,8.9,12,5600,DAL@GB,GNB,DAL,GNB,h,,,Y54694,TE,Justin,Perillo,Justin Perillo,2.8,7,4600,DAL@GB,GNB,DAL,GNB,h,,,Y34073,TE,Ryan,Griffin,Ryan Griffin,6.9,5,4900,NE@HOU,HOU,NWE,HOU,h,,,Y27908,TE,C.J.,Fiedorowicz,C.J. Fiedorowicz,2.1,12,4500,NE@HOU,HOU,NWE,HOU,h,,,Y11538,TE,Garrett,Graham,Garrett Graham,1.4,8,4500,NE@HOU,HOU,NWE,HOU,h,,,Y21971,TE,Coby,Fleener,Coby Fleener,6.1,12,4900,IND@JAC,IND,JAX,JAX,a,,,Y22004,TE,Dwayne,Allen,Dwayne Allen,2.3,10,4600,IND@JAC,IND,JAX,JAX,a,,,Y39859,TE,Jack,Doyle,Jack Doyle,1.4,12,4500,IND@JAC,IND,JAX,JAX,a,,,Y14317,TE,Julius,Thomas,Julius Thomas,8.7,8,5900,IND@JAC,JAX,IND,JAX,h,,,Y6672,TE,Marcedes,Lewis,Marcedes Lewis,1.6,12,4500,IND@JAC,JAX,IND,JAX,h,,,Y11543,TE,Clay,Harbor,Clay Harbor,1.9,11,4500,IND@JAC,JAX,IND,JAX,h,,,Y33076,TE,Travis,Kelce,Travis Kelce,10.4,12,6000,SD@KC,KAN,SD,KAN,h,,,Y62508,TE,James,O'Shaughnessy,James O'Shaughnessy,1.7,7,4500,SD@KC,KAN,SD,KAN,h,IR,Foot,Y62534,TE,Brian,Parker,Brian Parker,0.2,5,4500,SD@KC,KAN,SD,KAN,h,,,Y14292,TE,Jordan,Cameron,Jordan Cameron,4.6,12,5000,NYG@MIA,MIA,NYG,MIA,h,,,Y28144,TE,Dion,Sims,Dion Sims,1.8,9,4600,NYG@MIA,MIA,NYG,MIA,h,,,Y28562,TE,Jake,Stoneburner,Jake Stoneburner,2.7,7,4500,NYG@MIA,MIA,NYG,MIA,h,,,Y11460,TE,Rob,Gronkowski,Rob Gronkowski,16,11,8400,NE@HOU,NWE,HOU,HOU,a,Q,Knee,Y10158,TE,Scott,Chandler,Scott Chandler,5.1,12,5800,NE@HOU,NWE,HOU,HOU,a,,,Y25827,TE,Asante,Cleveland,Asante Cleveland,0.3,2,4500,NE@HOU,NWE,HOU,HOU,a,,,Y7870,TE,Benjamin,Watson,Benjamin Watson,9.4,12,5300,NO@TB,NOR,TAM,TAM,a,,,Y39492,TE,Josh,Hill,Josh Hill,2.3,12,4700,NO@TB,NOR,TAM,TAM,a,,,Y11556,TE,Michael,Hoomanawanui,Michael Hoomanawanui,2,10,4500,NO@TB,NOR,TAM,TAM,a,,,Y21123,TE,Larry,Donnell,Larry Donnell,6.1,8,4900,NYG@MIA,NYG,MIA,MIA,a,Q,Neck,Y24847,TE,Will,Tye,Will Tye,4.4,9,4900,NYG@MIA,NYG,MIA,MIA,a,,,Y7001,TE,Kellen,Davis,Kellen Davis,0.7,12,4500,TEN@NYJ,NYJ,TEN,NYJ,h,,,Y11766,TE,Jeff,Cumberland,Jeff Cumberland,0.9,11,4500,TEN@NYJ,NYJ,TEN,NYJ,h,,,Y25775,TE,Clive,Walford,Clive Walford,4,12,4700,OAK@DEN,OAK,DEN,DEN,a,,,Y30807,TE,Mychal,Rivera,Mychal Rivera,2.7,12,4600,OAK@DEN,OAK,DEN,DEN,a,,,Y14348,TE,Lee,Smith,Lee Smith,1.5,11,4500,OAK@DEN,OAK,DEN,DEN,a,,,Y6742,TE,Brent,Celek,Brent Celek,5,12,5100,BUF@PHI,PHI,BUF,PHI,h,,,Y29780,TE,Zach,Ertz,Zach Ertz,6,11,5000,BUF@PHI,PHI,BUF,PHI,h,,,Y30297,TE,Trey,Burton,Trey Burton,0.5,12,4600,BUF@PHI,PHI,BUF,PHI,h,,,Y6580,TE,Heath,Miller,Heath Miller,6,11,5400,PIT@CIN,PIT,CIN,CIN,a,Q,Ribs,Y28694,TE,Jesse,James,Jesse James,4.2,4,4600,PIT@CIN,PIT,CIN,CIN,a,,,Y7965,TE,Antonio,Gates,Antonio Gates,12.2,7,5700,SD@KC,SDG,KAN,KAN,a,,,Y22047,TE,Ladarius,Green,Ladarius Green,8,10,5000,SD@KC,SDG,KAN,KAN,a,,,Y6567,TE,David,Johnson,David Johnson,0,12,4500,SD@KC,SDG,KAN,KAN,a,,,Y6823,TE,John,Phillips,John Phillips,1.4,12,4500,SD@KC,SDG,KAN,KAN,a,,,Y32000,TE,Luke,Willson,Luke Willson,2.9,11,4800,SEA@BAL,SEA,BAL,BAL,a,,,Y32045,TE,Vance,McDonald,Vance McDonald,4,11,4900,SF@CLE,SFO,CLE,CLE,a,Q,Concussion,Y22754,TE,Garrett,Celek,Garrett Celek,4.2,11,4800,SF@CLE,SFO,CLE,CLE,a,IR,Ankle,Y27403,TE,Blake,Bell,Blake Bell,1.2,10,4500,SF@CLE,SFO,CLE,CLE,a,,,Y14240,TE,Lance,Kendricks,Lance Kendricks,3.5,11,4800,DET@STL,STL,DET,STL,h,Q,Concussion,Y7761,TE,Jared,Cook,Jared Cook,4.7,12,4700,DET@STL,STL,DET,STL,h,,,Y30667,TE,Justice,Cunningham,Justice Cunningham,0,2,4500,DET@STL,STL,DET,STL,h,,,Y22849,TE,Cory,Harkey,Cory Harkey,0.3,12,4500,DET@STL,STL,DET,STL,h,,,Y16923,TE,Austin,Seferian-Jenkins,Austin Seferian-Jenkins,11.3,3,5500,NO@TB,TAM,NOR,TAM,h,,,Y54782,TE,Cameron,Brate,Cameron Brate,4.6,10,4900,NO@TB,TAM,NOR,TAM,h,,,Y14304,TE,Luke,Stocker,Luke Stocker,0.5,10,4500,NO@TB,TAM,NOR,TAM,h,,,Y6863,TE,Delanie,Walker,Delanie Walker,12.7,11,6100,TEN@NYJ,TEN,NYJ,NYJ,a,,,Y6597,TE,Craig,Stevens,Craig Stevens,2.3,12,4500,TEN@NYJ,TEN,NYJ,NYJ,a,,,Y23003,TE,Phillip,Supernaw,Phillip Supernaw,0.1,12,4500,TEN@NYJ,TEN,NYJ,NYJ,a,,,Y6778,TE,Anthony,Fasano,Anthony Fasano,3.9,12,4500,TEN@NYJ,TEN,NYJ,NYJ,a,,,Y30298,TE,Jordan,Reed,Jordan Reed,11.8,10,5900,WAS@CHI,WAS,CHI,CHI,a,,,Y22920,TE,Derek,Carrier,Derek Carrier,2.5,11,4900,WAS@CHI,WAS,CHI,CHI,a,Q,Achilles,Y14190,WR,Julio,Jones,Julio Jones,18.7,12,8800,ATL@CAR,ATL,CAR,CAR,a,,,Y6618,WR,Roddy,White,Roddy White,4.6,12,5500,ATL@CAR,ATL,CAR,CAR,a,,,Y34071,WR,Nick,Williams,Nick Williams,3,10,4500,ATL@CAR,ATL,CAR,CAR,a,,,Y33137,WR,Justin,Hardy,Justin Hardy,3.1,5,4500,ATL@CAR,ATL,CAR,CAR,a,,,Y6622,WR,Eric,Weems,Eric Weems,0.1,12,4500,ATL@CAR,ATL,CAR,CAR,a,,,Y6904,WR,Devin,Hester,Devin Hester,0,1,4500,ATL@CAR,ATL,CAR,CAR,a,,,Y14905,WR,Kamar,Aiken,Kamar Aiken,8.7,12,6000,SEA@BAL,BAL,SEA,BAL,h,,,Y54674,WR,Jeremy,Butler,Jeremy Butler,4.9,4,4700,SEA@BAL,BAL,SEA,BAL,h,,,Y30385,WR,Marlon,Brown,Marlon Brown,1.8,10,4500,SEA@BAL,BAL,SEA,BAL,h,Q,Back,Y14815,WR,Joseph,Morgan,Joseph Morgan,0,2,4500,SEA@BAL,BAL,SEA,BAL,h,,,Y22034,WR,Chris,Givens,Chris Givens,4.1,11,4500,SEA@BAL,BAL,SEA,BAL,h,,,Y24641,WR,Sammy,Watkins,Sammy Watkins,12.9,9,7200,BUF@PHI,BUF,PHI,PHI,a,,,Y29685,WR,Robert,Woods,Robert Woods,6.3,12,5100,BUF@PHI,BUF,PHI,PHI,a,,,Y14704,WR,Chris,Hogan,Chris Hogan,5.4,12,4800,BUF@PHI,BUF,PHI,PHI,a,,,Y11522,WR,Marcus,Easley,Marcus Easley,1.2,10,4500,BUF@PHI,BUF,PHI,PHI,a,,,Y14338,WR,Denarius,Moore,Denarius Moore,-0.3,6,4500,BUF@PHI,BUF,PHI,PHI,a,,,Y6627,WR,Ted,Ginn Jr.,Ted Ginn Jr.,9.3,12,6000,ATL@CAR,CAR,ATL,CAR,h,,,Y28080,WR,Devin,Funchess,Devin Funchess,4.8,12,5800,ATL@CAR,CAR,ATL,CAR,h,,,Y6688,WR,Jerricho,Cotchery,Jerricho Cotchery,6.1,10,5300,ATL@CAR,CAR,ATL,CAR,h,,,Y28486,WR,Corey (Philly),Brown,Corey (Philly) Brown,5.4,10,4700,ATL@CAR,CAR,ATL,CAR,h,,,Y21980,WR,Alshon,Jeffery,Alshon Jeffery,14.9,7,7500,WAS@CHI,CHI,WAS,CHI,h,,,Y30108,WR,Marquess,Wilson,Marquess Wilson,6,11,5500,WAS@CHI,CHI,WAS,CHI,h,Q,Foot,Y6768,WR,Eddie,Royal,Eddie Royal,6,6,4700,WAS@CHI,CHI,WAS,CHI,h,Q,Knee,Y11635,WR,Marc,Mariani,Marc Mariani,1.2,12,4700,WAS@CHI,CHI,WAS,CHI,h,,,Y27445,WR,Jalen,Saunders,Jalen Saunders,0,0,4500,WAS@CHI,CHI,WAS,CHI,h,,,Y22336,WR,Josh,Bellamy,Josh Bellamy,2.4,12,4500,WAS@CHI,CHI,WAS,CHI,h,,,Y14187,WR,A.J.,Green,A.J. Green,14.9,12,8500,PIT@CIN,CIN,PIT,CIN,h,,,Y22103,WR,Marvin,Jones,Marvin Jones,9.2,12,6200,PIT@CIN,CIN,PIT,CIN,h,,,Y22018,WR,Mohamed,Sanu,Mohamed Sanu,4.7,12,5000,PIT@CIN,CIN,PIT,CIN,h,,,Y9442,WR,Brandon,Tate,Brandon Tate,1.1,12,4700,PIT@CIN,CIN,PIT,CIN,h,,,Y14253,WR,Greg,Little,Greg Little,0,0,4500,PIT@CIN,CIN,PIT,CIN,h,,,Y22035,WR,Travis,Benjamin,Travis Benjamin,11.8,12,5700,SF@CLE,CLE,SF,CLE,h,P,Shoulder,Y6809,WR,Brian,Hartline,Brian Hartline,6.6,11,5300,SF@CLE,CLE,SF,CLE,h,,,Y12903,WR,Andrew,Hawkins,Andrew Hawkins,5.1,8,4900,SF@CLE,CLE,SF,CLE,h,Q,Concussion,Y54753,WR,Taylor,Gabriel,Taylor Gabriel,3.5,10,4800,SF@CLE,CLE,SF,CLE,h,Q,Concussion,Y6488,WR,Dwayne,Bowe,Dwayne Bowe,0.9,5,4500,SF@CLE,CLE,SF,CLE,h,,,Y11723,WR,Marlon,Moore,Marlon Moore,1,11,4500,SF@CLE,CLE,SF,CLE,h,Q,Ribs,Y11435,WR,Dez,Bryant,Dez Bryant,8.5,7,7400,DAL@GB,DAL,GNB,GNB,a,,,Y31836,WR,Terrance,Williams,Terrance Williams,7.6,12,5700,DAL@GB,DAL,GNB,GNB,a,,,Y22288,WR,Cole,Beasley,Cole Beasley,6.1,12,5200,DAL@GB,DAL,GNB,GNB,a,,,Y39445,WR,Brice,Butler,Brice Butler,3.1,4,4900,DAL@GB,DAL,GNB,GNB,a,,,Y25886,WR,Devin,Street,Devin Street,1.4,12,4900,DAL@GB,DAL,GNB,GNB,a,,,Y47953,WR,Lucky,Whitehead,Lucky Whitehead,1,11,4500,DAL@GB,DAL,GNB,GNB,a,,,Y11432,WR,Demaryius,Thomas,Demaryius Thomas,12.7,12,7700,OAK@DEN,DEN,OAK,DEN,h,,,Y11505,WR,Emmanuel,Sanders,Emmanuel Sanders,11.7,11,7100,OAK@DEN,DEN,OAK,DEN,h,,,Y27771,WR,Cody,Latimer,Cody Latimer,1.4,11,4800,OAK@DEN,DEN,OAK,DEN,h,,,Y28157,WR,Bennie,Fowler,Bennie Fowler,2,12,4600,OAK@DEN,DEN,OAK,DEN,h,,,Y30259,WR,Solomon,Patton,Solomon Patton,0,0,4500,OAK@DEN,DEN,OAK,DEN,h,,,Y10531,WR,Jordan,Norwood,Jordan Norwood,2.1,7,4500,OAK@DEN,DEN,OAK,DEN,h,,,Y6753,WR,Andre,Caldwell,Andre Caldwell,2,12,4500,OAK@DEN,DEN,OAK,DEN,h,,,Y6655,WR,Calvin,Johnson,Calvin Johnson,14.3,12,7900,DET@STL,DET,STL,STL,a,,,Y11485,WR,Golden,Tate,Golden Tate,9,12,6400,DET@STL,DET,STL,STL,a,,,Y6783,WR,Lance,Moore,Lance Moore,6.1,11,4900,DET@STL,DET,STL,STL,a,Q,Ankle,Y21990,WR,Ryan,Broyles,Ryan Broyles,0,0,4500,DET@STL,DET,STL,STL,a,,,Y26343,WR,Corey,Fuller,Corey Fuller,0.7,11,4500,DET@STL,DET,STL,STL,a,,,Y14297,WR,Greg,Salas,Greg Salas,0,0,4500,DET@STL,DET,STL,STL,a,,,Y14257,WR,Randall,Cobb,Randall Cobb,11.5,12,7000,DAL@GB,GNB,DAL,GNB,h,,,Y45889,WR,Davante,Adams,Davante Adams,6.7,9,6300,DAL@GB,GNB,DAL,GNB,h,,,Y7222,WR,James,Jones,James Jones,10,12,5300,DAL@GB,GNB,DAL,GNB,h,,,Y54623,WR,Jeff,Janis,Jeff Janis,0.7,12,4800,DAL@GB,GNB,DAL,GNB,h,,,Y29734,WR,Ty,Montgomery,Ty Montgomery,5.8,6,4800,DAL@GB,GNB,DAL,GNB,h,Q,Ankle,Y28933,WR,Jared,Abbrederis,Jared Abbrederis,1.6,6,4700,DAL@GB,GNB,DAL,GNB,h,,,Y16606,WR,DeAndre,Hopkins,DeAndre Hopkins,18.5,12,8700,NE@HOU,HOU,NWE,HOU,h,,,Y14307,WR,Cecil,Shorts,Cecil Shorts,9.7,9,5600,NE@HOU,HOU,NWE,HOU,h,,,Y6610,WR,Nate,Washington,Nate Washington,9.2,10,5200,NE@HOU,HOU,NWE,HOU,h,,,Y39373,WR,Jaelen,Strong,Jaelen Strong,3.2,6,4600,NE@HOU,HOU,NWE,HOU,h,,,Y47720,WR,Chandler,Worthy,Chandler Worthy,1,3,4500,NE@HOU,HOU,NWE,HOU,h,,,Y28131,WR,Keith,Mumphery,Keith Mumphery,1.7,12,4500,NE@HOU,HOU,NWE,HOU,h,,,Y22031,WR,T.Y.,Hilton,T.Y. Hilton,11.9,12,7000,IND@JAC,IND,JAX,JAX,a,,,Y31561,WR,Donte,Moncrief,Donte Moncrief,9.9,12,6100,IND@JAC,IND,JAX,JAX,a,,,Y6681,WR,Andre,Johnson,Andre Johnson,5.7,12,5200,IND@JAC,IND,JAX,JAX,a,,,Y25813,WR,Phillip,Dorsett,Phillip Dorsett,3.8,7,5000,IND@JAC,IND,JAX,JAX,a,Q,Ankle,Y14277,WR,Vincent,Brown,Vincent Brown,0,0,4500,IND@JAC,IND,JAX,JAX,a,,,Y22447,WR,Griff,Whalen,Griff Whalen,2.7,12,4500,IND@JAC,IND,JAX,JAX,a,,,Y28643,WR,Allen,Robinson,Allen Robinson,17.2,12,8500,IND@JAC,JAX,IND,JAX,h,,,Y25760,WR,Allen,Hurns,Allen Hurns,12.7,11,6600,IND@JAC,JAX,IND,JAX,h,P,Concussion,Y11890,WR,Bryan,Walters,Bryan Walters,5.3,11,4900,IND@JAC,JAX,IND,JAX,h,,,Y24862,WR,Rashad,Greene,Rashad Greene,5.3,5,4700,IND@JAC,JAX,IND,JAX,h,Q,Shoulder,Y29593,WR,Marqise,Lee,Marqise Lee,2.1,6,4600,IND@JAC,JAX,IND,JAX,h,,,Y30591,WR,Ace,Sanders,Ace Sanders,0,0,4500,IND@JAC,JAX,IND,JAX,h,,,Y7283,WR,Jeremy,Maclin,Jeremy Maclin,13.4,11,6900,SD@KC,KAN,SD,KAN,h,,,Y30403,WR,Chris,Conley,Chris Conley,2.6,12,4900,SD@KC,KAN,SD,KAN,h,,,Y48344,WR,Albert,Wilson,Albert Wilson,4.6,10,4800,SD@KC,KAN,SD,KAN,h,,,Y6388,WR,Jason,Avant,Jason Avant,1.2,12,4500,SD@KC,KAN,SD,KAN,h,,,Y29351,WR,De'Anthony,Thomas,De'Anthony Thomas,3.6,10,4500,SD@KC,KAN,SD,KAN,h,Q,Concussion,Y30249,WR,Frankie,Hammond,Frankie Hammond,0,5,4500,SD@KC,KAN,SD,KAN,h,,,Y22177,WR,Junior,Hemingway,Junior Hemingway,0,0,4500,SD@KC,KAN,SD,KAN,h,,,Y31394,WR,Jarvis,Landry,Jarvis Landry,14.2,12,7100,NYG@MIA,MIA,NYG,MIA,h,,,Y33260,WR,DeVante,Parker,DeVante Parker,3.7,10,5900,NYG@MIA,MIA,NYG,MIA,h,,,Y22163,WR,Rishard,Matthews,Rishard Matthews,10.2,11,5400,NYG@MIA,MIA,NYG,MIA,h,Q,Ribs,Y27457,WR,Kenny,Stills,Kenny Stills,4.7,12,5000,NYG@MIA,MIA,NYG,MIA,h,,,Y6896,WR,Greg,Jennings,Greg Jennings,2.1,12,4700,NYG@MIA,MIA,NYG,MIA,h,,,Y8117,WR,Danny,Amendola,Danny Amendola,9.7,11,7000,NE@HOU,NWE,HOU,HOU,a,,,Y11495,WR,Brandon,LaFell,Brandon LaFell,7.1,7,6400,NE@HOU,NWE,HOU,HOU,a,,,Y22063,WR,Keshawn,Martin,Keshawn Martin,5.2,5,5100,NE@HOU,NWE,HOU,HOU,a,,,Y29237,WR,Chris,Harper,Chris Harper,-0.7,3,4500,NE@HOU,NWE,HOU,HOU,a,,,Y7856,WR,Matthew,Slater,Matthew Slater,0,12,4500,NE@HOU,NWE,HOU,HOU,a,,,Y29501,WR,Brandin,Cooks,Brandin Cooks,13.1,12,7100,NO@TB,NOR,TAM,TAM,a,,,Y44449,WR,Willie,Snead,Willie Snead,9.6,11,5700,NO@TB,NOR,TAM,TAM,a,Q,Calf,Y6645,WR,Marques,Colston,Marques Colston,6.3,11,5100,NO@TB,NOR,TAM,TAM,a,,,Y26094,WR,Brandon,Coleman,Brandon Coleman,4.2,12,4600,NO@TB,NOR,TAM,TAM,a,,,Y31360,WR,Odell,Beckham Jr.,Odell Beckham Jr.,17.9,12,9300,NYG@MIA,NYG,MIA,MIA,a,,,Y21999,WR,Rueben,Randle,Rueben Randle,8.2,12,5600,NYG@MIA,NYG,MIA,MIA,a,,,Y14358,WR,Dwayne,Harris,Dwayne Harris,7.1,12,5100,NYG@MIA,NYG,MIA,MIA,a,,,Y34125,WR,Geremy,Davis,Geremy Davis,0.3,10,4500,NYG@MIA,NYG,MIA,MIA,a,,,Y6884,WR,Hakeem,Nicks,Hakeem Nicks,1.1,2,4500,NYG@MIA,NYG,MIA,MIA,a,,,Y7722,WR,Kevin,Ogletree,Kevin Ogletree,0,0,4500,NYG@MIA,NYG,MIA,MIA,a,,,Y6759,WR,Brandon,Marshall,Brandon Marshall,17,12,8200,TEN@NYJ,NYJ,TEN,NYJ,h,,,Y11501,WR,Eric,Decker,Eric Decker,14.1,11,7300,TEN@NYJ,NYJ,TEN,NYJ,h,,,Y28502,WR,Devin,Smith,Devin Smith,2.2,9,4900,TEN@NYJ,NYJ,TEN,NYJ,h,,,Y27266,WR,Quincy,Enunwa,Quincy Enunwa,3.2,8,4800,TEN@NYJ,NYJ,TEN,NYJ,h,,,Y33037,WR,Kenbrell,Thompkins,Kenbrell Thompkins,3.6,4,4600,TEN@NYJ,NYJ,TEN,NYJ,h,,,Y64160,WR,Arthur,Williams,Arthur Williams,0,0,4500,TEN@NYJ,NYJ,TEN,NYJ,h,,,Y22762,WR,Chris,Owusu,Chris Owusu,3.7,3,4500,TEN@NYJ,NYJ,TEN,NYJ,h,IR,Concussion,Y14349,WR,Jeremy,Kerley,Jeremy Kerley,2.9,12,4500,TEN@NYJ,NYJ,TEN,NYJ,h,Q,Head,Y31001,WR,Amari,Cooper,Amari Cooper,12.1,12,6900,OAK@DEN,OAK,DEN,DEN,a,,,Y9392,WR,Michael,Crabtree,Michael Crabtree,12.6,12,6700,OAK@DEN,OAK,DEN,DEN,a,,,Y54741,WR,Seth,Roberts,Seth Roberts,6.4,12,5400,OAK@DEN,OAK,DEN,DEN,a,,,Y14761,WR,Andre,Holmes,Andre Holmes,3.6,12,4900,OAK@DEN,OAK,DEN,DEN,a,,,Y22938,WR,Rod,Streater,Rod Streater,1.3,1,4500,OAK@DEN,OAK,DEN,DEN,a,,,Y14302,WR,Kris,Durham,Kris Durham,0,0,4500,OAK@DEN,OAK,DEN,DEN,a,,,Y14837,WR,Jeremy,Ross,Jeremy Ross,1.1,7,4500,OAK@DEN,OAK,DEN,DEN,a,,,Y11622,WR,Trindon,Holliday,Trindon Holliday,0,0,4500,OAK@DEN,OAK,DEN,DEN,a,,,Y30837,WR,Jordan,Matthews,Jordan Matthews,9.9,12,6100,BUF@PHI,PHI,BUF,PHI,h,,,Y11577,WR,Riley,Cooper,Riley Cooper,4,12,4900,BUF@PHI,PHI,BUF,PHI,h,,,Y29340,WR,Josh,Huff,Josh Huff,4.6,11,4800,BUF@PHI,PHI,BUF,PHI,h,,,Y29683,WR,Nelson,Agholor,Nelson Agholor,2.5,9,4700,BUF@PHI,PHI,BUF,PHI,h,,,Y11870,WR,Seyi,Ajirotutu,Seyi Ajirotutu,0.1,11,4500,BUF@PHI,PHI,BUF,PHI,h,,,Y6387,WR,Miles,Austin,Miles Austin,3.2,11,4500,BUF@PHI,PHI,BUF,PHI,h,,,Y11612,WR,Antonio,Brown,Antonio Brown,19.2,12,9300,PIT@CIN,PIT,CIN,CIN,a,,,Y24675,WR,Martavis,Bryant,Martavis Bryant,17.3,7,7400,PIT@CIN,PIT,CIN,CIN,a,,,Y29500,WR,Markus,Wheaton,Markus Wheaton,7.2,12,6100,PIT@CIN,PIT,CIN,CIN,a,,,Y7784,WR,Darrius,Heyward-Bey,Darrius Heyward-Bey,3.7,12,4700,PIT@CIN,PIT,CIN,CIN,a,,,Y31241,WR,Sammie,Coates,Sammie Coates,0.3,6,4500,PIT@CIN,PIT,CIN,CIN,a,,,Y7645,WR,Steve,Johnson,Steve Johnson,9,10,5800,SD@KC,SDG,KAN,KAN,a,Q,Groin,Y7952,WR,Malcom,Floyd,Malcom Floyd,6.5,11,5400,SD@KC,SDG,KAN,KAN,a,,,Y14645,WR,Dontrelle,Inman,Dontrelle Inman,4.6,11,5200,SD@KC,SDG,KAN,KAN,a,Q,Neck,Y31093,WR,Javontee,Herndon,Javontee Herndon,2.5,4,4500,SD@KC,SDG,KAN,KAN,a,,,Y62535,WR,Tyrell,Williams,Tyrell Williams,0,3,4500,SD@KC,SDG,KAN,KAN,a,,,Y14626,WR,Doug,Baldwin,Doug Baldwin,12.8,12,6800,SEA@BAL,SEA,BAL,BAL,a,,,Y27050,WR,Tyler,Lockett,Tyler Lockett,7.5,12,5600,SEA@BAL,SEA,BAL,BAL,a,,,Y22219,WR,Jermaine,Kearse,Jermaine Kearse,6.3,12,5500,SEA@BAL,SEA,BAL,BAL,a,,,Y30012,WR,Kevin,Smith,Kevin Smith,0.9,3,4500,SEA@BAL,SEA,BAL,BAL,a,,,Y14288,WR,Torrey,Smith,Torrey Smith,7,12,6100,SF@CLE,SFO,CLE,CLE,a,,,Y6479,WR,Anquan,Boldin,Anquan Boldin,9.6,10,5900,SF@CLE,SFO,CLE,CLE,a,,,Y30709,WR,Bruce,Ellington,Bruce Ellington,1,9,4500,SF@CLE,SFO,CLE,CLE,a,,,Y39427,WR,Quinton,Patton,Quinton Patton,3.5,12,4500,SF@CLE,SFO,CLE,CLE,a,,,Y7703,WR,Jerome,Simpson,Jerome Simpson,1.6,3,4500,SF@CLE,SFO,CLE,CLE,a,,,Y26458,WR,Tavon,Austin,Tavon Austin,11,12,5800,DET@STL,STL,DET,STL,h,,,Y6535,WR,Kenny,Britt,Kenny Britt,5.3,12,5100,DET@STL,STL,DET,STL,h,,,Y7857,WR,Wes,Welker,Wes Welker,2.9,4,4900,DET@STL,STL,DET,STL,h,,,Y21972,WR,Brian,Quick,Brian Quick,1.2,9,4500,DET@STL,STL,DET,STL,h,,,Y32632,WR,Bradley,Marquez,Bradley Marquez,0.9,12,4500,DET@STL,STL,DET,STL,h,,,Y26498,WR,Stedman,Bailey,Stedman Bailey,3.8,8,4500,DET@STL,STL,DET,STL,h,O,Head,Y32384,WR,Mike,Evans,Mike Evans,11.6,11,8000,NO@TB,TAM,NOR,TAM,h,,,Y7953,WR,Vincent,Jackson,Vincent Jackson,10,9,6800,NO@TB,TAM,NOR,TAM,h,,,Y24671,WR,Adam,Humphries,Adam Humphries,3.1,9,4800,NO@TB,TAM,NOR,TAM,h,,,Y31329,WR,Russell,Shepard,Russell Shepard,0.9,9,4500,NO@TB,TAM,NOR,TAM,h,,,Y62680,WR,Donteea,Dye,Donteea Dye,1.8,6,4500,NO@TB,TAM,NOR,TAM,h,,,Y10030,WR,Harry,Douglas,Harry Douglas,4.6,10,5400,TEN@NYJ,TEN,NYJ,NYJ,a,,,Y21957,WR,Kendall,Wright,Kendall Wright,8.4,9,5200,TEN@NYJ,TEN,NYJ,NYJ,a,,,Y27134,WR,Dorial,Green-Beckham,Dorial Green-Beckham,5.6,12,5100,TEN@NYJ,TEN,NYJ,NYJ,a,,,Y39652,WR,Rico,Richardson,Rico Richardson,0,5,4500,TEN@NYJ,TEN,NYJ,NYJ,a,,,Y6739,WR,DeSean,Jackson,DeSean Jackson,9,6,6700,WAS@CHI,WAS,CHI,CHI,a,,,Y6774,WR,Pierre,Garcon,Pierre Garcon,8.4,12,5400,WAS@CHI,WAS,CHI,CHI,a,,,Y24755,WR,Jamison,Crowder,Jamison Crowder,6.4,12,5300,WAS@CHI,WAS,CHI,CHI,a,,,Y29084,WR,Rashad,Ross,Rashad Ross,1.8,9,4800,WAS@CHI,WAS,CHI,CHI,a,,,Y11504,WR,Andre,Roberts,Andre Roberts,2.8,9,4700,WAS@CHI,WAS,CHI,CHI,a,Q,Knee,Y33703,WR,Ryan,Grant,Ryan Grant,3,12,4600,WAS@CHI,WAS,CHI,CHI,a,,,Y